Id,label
2100,female
2101,male
2102,male
2103,female
2104,male
2105,female
2106,male
2107,male
2108,female
2109,female
2110,male
2111,female
2112,male
2113,female
2114,male
2115,male
2116,male
2117,female
2118,male
2119,female
2120,male
2121,male
2122,female
2123,female
2124,male
2125,male
2126,female
2127,female
2128,male
2129,female
2130,female
2131,female
2132,female
2133,male
2134,female
2135,male
2136,female
2137,female
2138,female
2139,female
2140,male
2141,female
2142,male
2143,female
2144,male
2145,male
2146,male
2147,female
2148,male
2149,female
2150,male
2151,male
2152,male
2153,female
2154,female
2155,male
2156,male
2157,female
2158,male
2159,female
2160,female
2161,male
2162,male
2163,female
2164,male
2165,male
2166,male
2167,female
2168,male
2169,female
2170,female
2171,male
2172,female
2173,male
2174,male
2175,male
2176,female
2177,female
2178,female
2179,female
2180,female
2181,male
2182,female
2183,female
2184,female
2185,male
2186,male
2187,male
2188,male
2189,male
2190,male
2191,male
2192,male
2193,male
2194,male
2195,female
2196,female
2197,female
2198,female
2199,male
2200,female
2201,female
2202,male
2203,male
2204,female
2205,female
2206,female
2207,male
2208,male
2209,male
2210,female
2211,male
2212,male
2213,male
2214,female
2215,female
2216,female
2217,male
2218,male
2219,female
2220,male
2221,male
2222,male
2223,female
2224,female
2225,male
2226,female
2227,male
2228,male
2229,male
2230,female
2231,female
2232,female
2233,female
2234,female
2235,female
2236,male
2237,male
2238,female
2239,female
2240,male
2241,male
2242,male
2243,male
2244,male
2245,male
2246,male
2247,female
2248,female
2249,male
2250,female
2251,male
2252,male
2253,female
2254,male
2255,male
2256,male
2257,female
2258,female
2259,male
2260,male
2261,male
2262,female
2263,female
2264,male
2265,female
2266,male
2267,female
2268,female
2269,female
2270,female
2271,female
2272,female
2273,male
2274,male
2275,male
2276,female
2277,female
2278,male
2279,female
2280,female
2281,male
2282,female
2283,female
2284,male
2285,male
2286,female
2287,female
2288,female
2289,female
2290,female
2291,female
2292,female
2293,female
2294,male
2295,male
2296,female
2297,male
2298,female
2299,female
2300,male
2301,female
2302,female
2303,female
2304,female
2305,female
2306,female
2307,female
2308,female
2309,male
2310,male
2311,female
2312,female
2313,female
2314,male
2315,male
2316,male
2317,male
2318,female
2319,female
2320,male
2321,female
2322,male
2323,male
2324,female
2325,female
2326,female
2327,male
2328,male
2329,male
2330,male
2331,female
2332,male
2333,male
2334,male
2335,male
2336,male
2337,male
2338,male
2339,male
2340,male
2341,female
2342,female
2343,male
2344,female
2345,male
2346,male
2347,male
2348,female
2349,male
2350,female
2351,male
2352,female
2353,male
2354,female
2355,female
2356,male
2357,male
2358,male
2359,female
2360,female
2361,female
2362,male
2363,male
2364,male
2365,female
2366,female
2367,female
2368,female
2369,male
2370,male
2371,female
2372,female
2373,male
2374,female
2375,female
2376,female
2377,male
2378,male
2379,male
2380,female
2381,female
2382,male
2383,male
2384,male
2385,male
2386,male
2387,male
2388,male
2389,male
2390,male
2391,female
2392,female
2393,female
2394,male
2395,female
2396,female
2397,female
2398,female
2399,female
2400,male
2401,female
2402,male
2403,female
2404,male
2405,female
2406,female
2407,male
2408,male
2409,female
2410,female
2411,female
2412,female
2413,female
2414,female
2415,male
2416,female
2417,male
2418,female
2419,female
2420,female
2421,female
2422,male
2423,male
2424,male
2425,male
2426,female
2427,male
2428,male
2429,male
2430,male
2431,female
2432,female
2433,female
2434,female
2435,female
2436,male
2437,male
2438,female
2439,male
2440,female
2441,female
2442,female
2443,female
2444,female
2445,female
2446,female
2447,female
2448,male
2449,female
2450,female
2451,female
2452,male
2453,male
2454,male
2455,male
2456,male
2457,female
2458,female
2459,female
2460,female
2461,male
2462,male
2463,female
2464,male
2465,male
2466,female
2467,male
2468,male
2469,female
2470,male
2471,female
2472,female
2473,male
2474,male
2475,male
2476,male
2477,female
2478,female
2479,female
2480,female
2481,male
2482,male
2483,female
2484,male
2485,female
2486,female
2487,female
2488,female
2489,male
2490,female
2491,female
2492,male
2493,female
2494,female
2495,male
2496,male
2497,female
2498,female
2499,female
2500,male
2501,male
2502,female
2503,female
2504,male
2505,female
2506,male
2507,male
2508,male
2509,female
2510,female
2511,male
2512,female
2513,female
2514,male
2515,female
2516,female
2517,male
2518,male
2519,female
2520,male
2521,male
2522,male
2523,female
2524,male
2525,female
2526,female
2527,female
2528,female
2529,male
2530,male
2531,female
2532,male
2533,male
2534,female
2535,female
2536,male
2537,male
2538,female
2539,female
2540,female
2541,female
2542,male
2543,female
2544,female
2545,female
2546,male
2547,male
2548,male
2549,male
2550,female
2551,male
2552,male
2553,female
2554,female
2555,male
2556,female
2557,male
2558,female
2559,female
2560,female
2561,male
2562,female
2563,male
2564,female
2565,male
2566,male
2567,female
2568,male
2569,female
2570,male
2571,female
2572,male
2573,female
2574,male
2575,male
2576,female
2577,male
2578,female
2579,female
2580,female
2581,female
2582,female
2583,female
2584,male
2585,female
2586,female
2587,female
2588,male
2589,male
2590,female
2591,female
2592,female
2593,female
2594,female
2595,male
2596,female
2597,female
2598,female
2599,female
2600,male
2601,male
2602,male
2603,male
2604,male
2605,female
2606,female
2607,female
2608,male
2609,male
2610,female
2611,male
2612,male
2613,female
2614,female
2615,female
2616,female
2617,female
2618,female
2619,female
2620,female
2621,female
2622,male
2623,female
2624,female
2625,female
2626,male
2627,male
2628,female
2629,female
2630,female
2631,female
2632,female
2633,female
2634,female
2635,male
2636,male
2637,male
2638,female
2639,female
2640,male
2641,male
2642,male
2643,male
2644,male
2645,female
2646,female
2647,male
2648,male
2649,female
2650,female
2651,female
2652,female
2653,male
2654,male
2655,male
2656,female
2657,female
2658,male
2659,female
2660,female
2661,male
2662,female
2663,male
2664,male
2665,male
2666,female
2667,female
2668,female
2669,female
2670,male
2671,male
2672,female
2673,female
2674,female
2675,female
2676,female
2677,male
2678,male
2679,female
2680,female
2681,female
2682,female
2683,male
2684,female
2685,female
2686,female
2687,male
2688,female
2689,female
2690,male
2691,male
2692,male
2693,female
2694,male
2695,male
2696,male
2697,male
2698,female
2699,female
2700,female
2701,male
2702,male
2703,male
2704,female
2705,female
2706,female
2707,female
2708,female
2709,female
2710,female
2711,male
2712,male
2713,female
2714,female
2715,male
2716,female
2717,male
2718,male
2719,male
2720,male
2721,female
2722,male
2723,male
2724,female
2725,male
2726,female
2727,female
2728,male
2729,female
2730,male
2731,male
2732,female
2733,male
2734,female
2735,male
2736,male
2737,female
2738,male
2739,female
2740,male
2741,male
2742,male
2743,female
2744,female
2745,male
2746,male
2747,female
2748,male
2749,male
2750,male
2751,female
2752,male
2753,female
2754,male
2755,male
2756,male
2757,female
2758,female
2759,male
2760,male
2761,male
2762,male
2763,male
2764,male
2765,female
2766,female
2767,male
2768,female
2769,male
2770,male
2771,female
2772,male
2773,male
2774,female
2775,female
2776,female
2777,male
2778,female
2779,female
2780,female
2781,female
2782,male
2783,male
2784,female
2785,male
2786,female
2787,female
2788,male
2789,male
2790,female
2791,male
2792,male
2793,male
2794,male
2795,female
2796,female
2797,male
2798,female
2799,male
2800,male
2801,male
2802,male
2803,male
2804,female
2805,male
2806,female
2807,male
2808,female
2809,male
2810,male
2811,female
2812,male
2813,female
2814,female
2815,male
2816,male
2817,female
2818,female
2819,male
2820,male
2821,female
2822,female
2823,male
2824,male
2825,female
2826,female
2827,female
2828,female
2829,female
2830,female
2831,male
2832,female
2833,female
2834,male
2835,male
2836,female
2837,female
2838,female
2839,female
2840,male
2841,female
2842,female
2843,female
2844,male
2845,female
2846,female
2847,female
2848,male
2849,female
2850,male
2851,female
2852,female
2853,male
2854,male
2855,female
2856,female
2857,female
2858,male
2859,male
2860,female
2861,male
2862,male
2863,male
2864,female
2865,female
2866,female
2867,female
2868,male
2869,female
2870,male
2871,male
2872,male
2873,female
2874,male
2875,male
2876,female
2877,female
2878,female
2879,male
2880,female
2881,female
2882,male
2883,male
2884,male
2885,female
2886,female
2887,male
2888,male
2889,male
2890,male
2891,female
2892,male
2893,female
2894,male
2895,female
2896,male
2897,female
2898,male
2899,male
2900,male
2901,male
2902,female
2903,female
2904,female
2905,male
2906,female
2907,female
2908,female
2909,male
2910,male
2911,male
2912,male
2913,female
2914,female
2915,female
2916,male
2917,female
2918,male
2919,female
2920,male
2921,male
2922,male
2923,female
2924,female
2925,female
2926,female
2927,female
2928,female
2929,male
2930,female
2931,male
2932,female
2933,male
2934,male
2935,male
2936,male
2937,male
2938,male
2939,female
2940,male
2941,female
2942,male
2943,male
2944,male
2945,male
2946,female
2947,female
2948,male
2949,female
2950,female
2951,male
2952,male
2953,male
2954,male
2955,male
2956,female
2957,female
2958,female
2959,female
2960,male
2961,female
2962,male
2963,male
2964,female
2965,male
2966,female
2967,male
2968,female
2969,male
2970,male
2971,male
2972,female
2973,female
2974,male
2975,male
2976,female
2977,male
2978,female
2979,female
2980,male
2981,male
2982,female
2983,male
2984,female
2985,male
2986,male
2987,female
2988,male
2989,male
2990,male
2991,male
2992,female
2993,male
2994,male
2995,female
2996,male
2997,male
2998,female
2999,male
3000,male
3001,female
3002,male
3003,male
3004,female
3005,male
3006,male
3007,female
3008,female
3009,female
3010,female
3011,male
3012,male
3013,female
3014,male
3015,female
3016,female
3017,male
3018,female
3019,female
3020,female
3021,female
3022,female
3023,female
3024,male
3025,male
3026,male
3027,male
3028,male
3029,male
3030,male
3031,male
3032,female
3033,male
3034,female
3035,female
3036,female
3037,male
3038,male
3039,male
3040,female
3041,female
3042,male
3043,female
3044,female
3045,female
3046,male
3047,male
3048,female
3049,male
3050,male
3051,female
3052,female
3053,female
3054,male
3055,female
3056,female
3057,male
3058,male
3059,male
3060,female
3061,female
3062,female
3063,male
3064,female
3065,male
3066,male
3067,male
3068,female
3069,male
3070,female
3071,male
3072,male
3073,male
3074,female
3075,female
3076,female
3077,female
3078,male
3079,male
3080,female
3081,female
3082,male
3083,male
3084,female
3085,female
3086,female
3087,female
3088,female
3089,male
3090,male
3091,female
3092,male
3093,female
3094,male
3095,male
3096,male
3097,female
3098,female
3099,female
3100,female
3101,female
3102,female
3103,male
3104,female
3105,male
3106,male
3107,male
3108,male
3109,female
3110,male
3111,male
3112,female
3113,male
3114,male
3115,female
3116,female
3117,female
3118,female
3119,male
3120,male
3121,male
3122,female
3123,male
3124,male
3125,female
3126,female
3127,female
3128,male
3129,male
3130,male
3131,female
3132,male
3133,female
3134,male
3135,female
3136,male
3137,female
3138,female
3139,female
3140,male
3141,female
3142,female
3143,female
3144,female
3145,female
3146,male
3147,female
3148,female
3149,male
3150,female
3151,female
3152,male
3153,female
3154,female
3155,female
3156,female
3157,female
3158,male
3159,male
3160,male
3161,male
3162,male
3163,female
3164,male
3165,male
3166,male
3167,female
3168,female
